employee_id,job_title
34383,APRENDIZ
34404,APRENDIZ
35086,APRENDIZ
34396,APRENDIZ
34403,APRENDIZ
35640,APRENDIZ
34951,APRENDIZ TECH
34950,APRENDIZ TI
35088,APRENDIZ
35635,APRENDIZ
35081,APRENDIZ
35641,APRENDIZ
35637,APRENDIZ
35639,APRENDIZ
35642,APRENDIZ
35636,APRENDIZ
35607,APRENDIZ AUX  ADMINISTRATIVO
35366,APRENDIZ
35643,APRENDIZ
34392,APRENDIZ
35085,APRENDIZ
34398,APRENDIZ
35089,APRENDIZ
35644,APRENDIZ
34394,APRENDIZ
34953,APRENDIZ TECH
35058,APRENDIZ
35638,APRENDIZ
34952,APRENDIZ
35571,APRENDIZ
35609,APRENDIZ AUX  ADMINISTRATIVO
35610,APRENDIZ AUX  ADMINISTRATIVO
35608,APRENDIZ AUX  ADMINISTRATIVO
