employee_id,situation_desc,column_3,detail
32572,Licença Maternidade,,
25961,Licença Maternidade,,
21151,Auxílio Doença,,
25857,Auxílio Doença,,
31326,Licença Maternidade,,
32930,Licença Maternidade,,
30515,Licença Maternidade,30515.0,retorno de férias + licença em 11/06
34526,Licença Maternidade,34526.0,retorno de férias + licença em 12/06
34357,Licença Maternidade,,
34539,Licença Maternidade,34539.0,retorno da licença em 04/06
34330,Auxílio Doença,,
30264,Licença Maternidade,,
32345,Licença Maternidade,32345.0,retorno de férias + licença em 26/05
30200,Licença Maternidade,,
34867,Auxílio Doença,,
34986,Auxílio Doença,,
34731,Auxílio Doença,,
34901,Auxílio Doença,,
33106,Licença Maternidade,33106.0,retorno da licença em 05/06
25233,Auxílio Doença,,
