employee_id,admission_date,job_title,column_4
35741,2025-04-07,COORDENADOR DE OPERACOES III,
35774,2025-04-22,ANALISTA DADOS I,
35722,2025-04-02,ASSISTENTE DE BPO I,
35767,2025-04-22,DESENVOLVEDOR III,
35701,2025-04-01,GERENTE DE SERVICOS SENIOR,
35770,2025-04-23,ASSISTENTE DE BPO I,
35714,2025-04-01,ANALISTA DADOS III,
35727,2025-04-02,ENGENHEIRO DADOS II,
35743,2025-04-08,ASSISTENTE DE BPO I,
35782,2025-04-28,DESENVOLVEDOR III,
35726,2025-04-02,ASSISTENTE DE BPO I,
35769,2025-04-23,ASSISTENTE DE BPO I,
35752,2025-04-14,ASSISTENTE DE BPO I,
35738,2025-04-07,DESENVOLVEDOR II,
35740,2025-04-11,AGILE MASTER,
35702,2025-04-01,AGILE MASTER,
35706,2025-04-10,DESENVOLVEDOR III,
35734,2025-04-07,ANALISTA SUPORTE I,
35747,2025-04-14,DESENVOLVEDOR III,
35708,2025-04-01,DESENVOLVEDOR III,demitido
35780,2025-04-25,ASSISTENTE DE BPO I,
35720,2025-04-01,DESENVOLVEDOR III,
35737,2025-04-07,TECH RECRUITER II,
35704,2025-04-01,ENGENHEIRO DADOS ESP. II,
35748,2025-04-10,ARQUITETO DADOS II,
35781,2025-04-28,ASSISTENTE PMO,
35773,2025-04-22,ANALISTA DADOS I,
35724,2025-04-02,ASSISTENTE DE BPO I,
35746,2025-04-09,ASSISTENTE DE BPO I,
35763,2025-04-17,ASSISTENTE DE BPO I,
35756,2025-04-17,ASSISTENTE DE BPO I,
35758,2025-04-16,ASSISTENTE DE BPO I,
35718,2025-04-01,TECH RECRUITER II,
35730,2025-04-03,ASSISTENTE DE BPO I,
35745,2025-04-14,AGILE COACH II,
35699,2025-04-01,ASSISTENTE DE BPO I,demitido
35710,2025-04-01,DESENVOLVEDOR III,
35736,2025-04-07,ARQUITETO INFRAESTRUTURA TI II,
35776,2025-04-23,ASSISTENTE DE BPO I,
35750,2025-04-14,ANALISTA QUAL. SOFTWARE I,
35728,2025-04-03,ASSISTENTE DE BPO I,
35733,2025-04-07,ANALISTA SUPORTE I,
35766,2025-04-22,DESENVOLVEDOR II,
35739,2025-04-08,DESENVOLVEDOR III,
35705,2025-04-07,CONS. FUNCIONAL SAP III,
35754,2025-04-14,DESENVOLVEDOR III,
35742,2025-04-08,SDR II,
35772,2025-04-22,ASSISTENTE DE BPO I,
35721,2025-04-01,ASSISTENTE DE BPO I,
35759,2025-04-16,ASSISTENTE DE BPO I,
35760,2025-04-15,ASSISTENTE DE BPO I,
35723,2025-04-02,ASSISTENTE DE BPO I,
35707,2025-04-01,AGILE MASTER,
35749,2025-04-10,DESENVOLVEDOR III,
35713,2025-04-02,ASSISTENTE DE BPO I,
35753,2025-04-16,COORDENADOR DE OPERACOES III,
35717,2025-04-01,DESENVOLVEDOR III,
35716,2025-04-01,ESTAGIARIO,não recebe VR
35768,2025-04-22,CONS. ESP. FUNCIONAL SAP,
35777,2025-04-23,ASSISTENTE DE BPO I,
35725,2025-04-02,DESENVOLVEDOR III,
35771,2025-04-23,ASSISTENTE DE BPO I,
35715,2025-04-01,ESTAGIARIO,não recebe VR
35783,2025-04-25,ASSISTENTE DE BPO I,
35700,2025-04-01,ASSISTENTE DE BPO I,
35732,2025-04-16,DESENVOLVEDOR III,
35719,2025-04-01,ESTAGIARIO,não recebe VR
35709,2025-04-02,ASSISTENTE DE BPO I,
35755,2025-04-15,DESENVOLVEDOR III,demitido
35712,2025-04-01,TECH RECRUITER II,
35778,2025-04-24,PRODUCT MANAGER II,
35761,2025-04-17,ASSISTENTE DE BPO I,
35762,2025-04-16,CONS. FUNCIONAL SAP III,
35775,2025-04-24,DESIGNER UX/UI II,
35764,2025-04-17,ARQUITETO SOLUCOES III,
35731,2025-04-03,DESIGNER UX/UI II,
35729,2025-04-03,DESENVOLVEDOR III,
35703,2025-04-01,ANALISTA DADOS III,
35711,2025-04-01,ASSISTENTE DE BPO I,
35779,2025-04-28,DESENVOLVEDOR III,
35744,2025-04-08,DESENVOLVEDOR II,
35765,2025-04-22,ANALISTA DEVSECOPS III,
35751,2025-04-11,ANALISTA DADOS II,
