employee_id,job_title,column_3
35591,ESTAGIARIO,
35472,ESTAGIARIO,
35715,ESTAGIARIO,
35719,ESTAGIARIO,
35438,ESTAGIARIO,
35184,ESTAGIARIO,
35186,ESTAGIARIO,
35275,ESTAGIARIO,
35220,ESTAGIARIO,
35133,ESTAGIARIO,
35153,ESTAGIARIO,
34317,ESTAGIARIO,
34319,ESTAGIARIO,
34305,ESTAGIARIO,
34315,ESTAGIARIO,
34346,ESTAGIARIO,
34306,ESTAGIARIO,
34316,ESTAGIARIO,
34349,ESTAGIARIO,
34353,ESTAGIARIO,
34354,ESTAGIARIO,
34625,ESTAGIARIO,
35618,ESTAGIARIO,
35716,ESTAGIARIO,
35087,ESTAGIARIO,
35406,ESTAGIARIO,
34433,ESTAGIARIO,
